Workbook

Sheet Planilha1
A1: Quadro 1 – Base de Cálculo para Repasse à Câmara Municipal
A2: Este quadro detalha a base de cálculo para o limite de repasse financeiro ao Poder Legislativo Municipal, considerando a receita tributária e transferências.
A4: DESCRIÇÃO | B4: VALOR ARRECADADO (R$)
A5: 1 - RECEITA TRIBUTÁRIA | B5: {receita_tributaria.subtotal}
A6: IPTU | B6: {receita_tributaria.iptu}
A7: ISS | B7: {receita_tributaria.iss}
A8: ITBI | B8: {receita_tributaria.itbi}
A9: IRRF | B9: {receita_tributaria.irrf}
A10: TAXAS | B10: {receita_tributaria.taxas}
A11: CONTRIBUIÇÕES DE MELHORIAS | B11: {receita_tributaria.contribuicoes_melhorias}
A12: RECEITA DA DIVIDA ATIVA | B12: {receita_tributaria.divida_ativa_tributaria}
A13: MULTAS JUROS SOBRE TRIBUTOS | B13: {receita_tributaria.multas_juros_tributos}
A14: CONTRIBUIÇÃO ILUMINAÇÃO PÚBLICA | B14: {receita_tributaria.cosip}
A15: 2 - TRANSFERIDOS PELO ESTADO | B15: {transferencias_estado.subtotal_repasse}
... A26: Total (Base Cálculo Repasse) | B26: {totais.base_calculo}

Sheet JSON_Extracao
A1: EXTRAÇÃO JSON - BASE DE CÁLCULO DO REPASSE
A3: CAMPO (JSON) | B3: VALOR | C3: VALOR (JSON-READY)
A4: municipio | B4: null | C4: =B4
A5: exercicio | B5: null | C5: =B5
A6: fonte | B6: Anexo 10 - Comparativo da Receita Orçada com a Arrecadada | C6: =CHAR(34)&B6&CHAR(34)
A7: descricao | B7: BASE DE CALCULO DO REPASSE AO PODER LEGISLATIVO | C7: =CHAR(34)&B7&CHAR(34)
A9: grupo_1_receita_tributaria
A10: iptu | B10: =Planilha1!B6 | C10: =SUBSTITUTE(TEXT(B10,"0.00"),",",".")
A11: iss | B11: =Planilha1!B7 | C11: =SUBSTITUTE(TEXT(B11,"0.00"),",",".")
A12: itbi | B12: =Planilha1!B8 | C12: =SUBSTITUTE(TEXT(B12,"0.00"),",",".")
A13: irrf | B13: =Planilha1!B9 | C13: =SUBSTITUTE(TEXT(B13,"0.00"),",",".")
A14: taxas | B14: =Planilha1!B10 | C14: =SUBSTITUTE(TEXT(B14,"0.00"),",",".")
A15: contribuicoes_de_melhorias | B15: =Planilha1!B11 | C15: =SUBSTITUTE(TEXT(B15,"0.00"),",",".")
A16: receita_da_divida_ativa | B16: =Planilha1!B12 | C16: =SUBSTITUTE(TEXT(B16,"0.00"),",",".")
A17: multas_juros_sobre_tributos | B17: =Planilha1!B13 | C17: =SUBSTITUTE(TEXT(B17,"0.00"),",",".")
A18: contribuicao_iluminacao_publica | B18: =Planilha1!B14 | C18: =SUBSTITUTE(TEXT(B18,"0.00"),",",".")
A19: subtotal_1 | B19: =Planilha1!B5 | C19: =SUBSTITUTE(TEXT(B19,"0.00"),",",".")
A21: grupo_2_transferidos_pelo_estado
A22: cota_parte_ipva | B22: =Planilha1!B16 | C22: =SUBSTITUTE(TEXT(B22,"0.00"),",",".")
A23: cota_parte_icms | B23: =Planilha1!B17 | C23: =SUBSTITUTE(TEXT(B23,"0.00"),",",".")
A24: icms_desoneracao | B24: =Planilha1!B18 | C24: =SUBSTITUTE(TEXT(B24,"0.00"),",",".")
A25: subtotal_2 | B25: =Planilha1!B15 | C25: =SUBSTITUTE(TEXT(B25,"0.00"),",",".")
A27: grupo_3_transferidos_pela_uniao
A28: cide | B28: =Planilha1!B20 | C28: =SUBSTITUTE(TEXT(B28,"0.00"),",",".")
A29: cota_parte_itr | B29: =Planilha1!B21 | C29: =SUBSTITUTE(TEXT(B29,"0.00"),",",".")
A30: cota_parte_fpm | B30: =Planilha1!B22 | C30: =SUBSTITUTE(TEXT(B30,"0.00"),",",".")
A31: cota_parte_ipi | B31: =Planilha1!B23 | C31: =SUBSTITUTE(TEXT(B31,"0.00"),",",".")
A32: subtotal_3 | B32: =Planilha1!B19 | C32: =SUBSTITUTE(TEXT(B32,"0.00"),",",".")
A34: grupo_4_deducao_fundeb
A35: deducao_fpm | B35: null | C35: =B35
A36: deducao_itr | B36: null | C36: =B36
A37: deducao_icms | B37: null | C37: =B37
A38: deducao_ipva | B38: null | C38: =B38
A39: deducao_ipi | B39: null | C39: =B39
A40: subtotal_4_deducao | B40: =-Planilha1!B24 | C40: =SUBSTITUTE(TEXT(B40,"0.00"),",",".")
A42: total_base_calculo_repasse | B42: =B19+B25+B32+B40 | C42: =SUBSTITUTE(TEXT(B42,"0.00"),",",".")
A43: itens_nao_encontrados | B43: =_xlfn.TEXTJOIN(", ",TRUE,IF(B4="null",A4,""),IF(B5="null",A5,""),IF(B35="null",A35,""),IF(B36="null",A36,""),IF(B37="null",A37,""),IF(B38="null",A38,""),IF(B39="null",A39,"")) | C43: =_xlfn.TEXTJOIN(",",TRUE,IF(B4="null",CHAR(34)&A4&CHAR(34),""),IF(B5="null",CHAR(34)&A5&CHAR(34),""),IF(B35="null",CHAR(34)&A35&CHAR(34),""),IF(B36="null",CHAR(34)&A36&CHAR(34),""),IF(B37="null",CHAR(34)&A37&CHAR(34),""),IF(B38="null",CHAR(34)&A38&CHAR(34),""),IF(B39="null",CHAR(34)&A39&CHAR(34),""))
A45: JSON COMPLETO
A46: ="{"&CHAR(10)&" "&CHAR(34)&"municipio"&CHAR(34)&": "&C4&","&CHAR(10)&" "&CHAR(34)&"exercicio"&CHAR(34)&": "&C5&","&CHAR(10)&" "&CHAR(34)&"fonte"&CHAR(34)&": "&C6&","&CHAR(10)&" "&CHAR(34)&"descricao"&CHAR(34)&": "&C7&","&CHAR(10)&" "&CHAR(34)&"grupo_1_receita_tributaria"&CHAR(34)&": {"&CHAR(10)&" "&CHAR(34)&"iptu"&CHAR(34)&": "&C10&","&CHAR(10)&" "&CHAR(34)&"iss"&CHAR(34)&": "&C11&","&CHAR(10)&" "&CHAR(34)&"itbi"&CHAR(34)&": "&C12&","&CHAR(10)&" "&CHAR(34)&"irrf"&CHAR(34)&": "&C13&","&CHAR(10)&" "&CHAR(34)&"taxas"&CHAR(34)&": "&C14&","&CHAR(10)&" "&CHAR(34)&"contribuicoes_de_melhorias"&CHAR(34)&": "&C15&","&CHAR(10)&" "&CHAR(34)&"receita_da_divida_ativa"&CHAR(34)&": "&C16&","&CHAR(10)&" "&CHAR(34)&"multas_juros_sobre_tributos"&CHAR(34)&": "&C17&","&CHAR(10)&" "&CHAR(34)&"contribuicao_iluminacao_publica"&CHAR(34)&": "&C18&","&CHAR(10)&" "&CHAR(34)&"subtotal_1"&CHAR(34)&": "&C19&CHAR(10)&" },"&CHAR(10)&" "&CHAR(34)&"grupo_2_transferidos_pelo_estado"&CHAR(34)&": {"&CHAR(10)&" "&CHAR(34)&"cota_parte_ipva"&CHAR(34)&": "&C22&","&CHAR(10)&" "&CHAR(34)&"cota_parte_icms"&CHAR(34)&": "&C23&","&CHAR(10)&" "&CHAR(34)&"icms_desoneracao"&CHAR(34)&": "&C24&","&CHAR(10)&" "&CHAR(34)&"subtotal_2"&CHAR(34)&": "&C25&CHAR(10)&" },"&CHAR(10)&" "&CHAR(34)&"grupo_3_transferidos_pela_uniao"&CHAR(34)&": {"&CHAR(10)&" "&CHAR(34)&"cide"&CHAR(34)&": "&C28&","&CHAR(10)&" "&CHAR(34)&"cota_parte_itr"&CHAR(34)&": "&C29&","&CHAR(10)&" "&CHAR(34)&"cota_parte_fpm"&CHAR(34)&": "&C30&","&CHAR(10)&" "&CHAR(34)&"cota_parte_ipi"&CHAR(34)&": "&C31&","&CHAR(10)&" "&CHAR(34)&"subtotal_3"&CHAR(34)&": "&C32&CHAR(10)&" },"&CHAR(10)&" "&CHAR(34)&"grupo_4_deducao_fundeb"&CHAR(34)&": {"&CHAR(10)&" "&CHAR(34)&"deducao_fpm"&CHAR(34)&": "&C35&","&CHAR(10)&" "&CHAR(34)&"deducao_itr"&CHAR(34)&": "&C36&","&CHAR(10)&" "&CHAR(34)&"deducao_icms"&CHAR(34)&": "&C37&","&CHAR(10)&" "&CHAR(34)&"deducao_ipva"&CHAR(34)&": "&C38&","&CHAR(10)&" "&CHAR(34)&"deducao_ipi"&CHAR(34)&": "&C39&","&CHAR(10)&" "&CHAR(34)&"subtotal_4_deducao"&CHAR(34)&": "&C40&CHAR(10)&" },"&CHAR(10)&" "&CHAR(34)&"total_base_calculo_repasse"&CHAR(34)&": "&C42&","&CHAR(10)&" "&CHAR(34)&"itens_nao_encontrados"&CHAR(34)&": ["&C43&"]"&CHAR(10)&"}"
